beta,mu80,c,rho,r_r,r_hist,r_max_mult,t_ramp,t_start,longest_D-N_run_years,onset_year
0.07672271580155031,0.06583715857471321,0.0002652843343912613,0.2583631003336432,0.0007027174969866499,0.015334910667951049,0.711204608028307,23.926428089313504,19.305360064799938,0.0,nan
0.09254973178930609,0.04262205761270954,0.0007560395237828543,0.2437513393754409,0.029910138131150496,0.014068079224764132,1.0178122553513949,30.95449532368303,12.8727856154681,0.0,nan
0.09664219834004842,0.044262278756144906,0.0007364542657938519,0.1804456149093805,0.03173596764351072,0.01617634080510662,0.7822773075822347,32.0440489138876,0.061824621623786526,0.0,nan
0.08847050772109252,0.04519544465697685,0.00025349769565017173,0.03988178707526666,0.024399955027964375,0.01047116654705874,0.6562287269706244,36.682179525286074,2.342196708551234,0.0,nan
0.08594040902805186,0.04277728420611277,0.0008990272670418449,0.19865159586948822,0.008865263074087719,0.013672511790481545,0.7177695167786453,15.991537024758417,14.033551166526026,0.0,nan
0.08676155574272419,0.039522257343514965,0.0005700665011392717,0.055427496817337774,0.01810427228541208,0.011351533808667866,1.4235260410752713,22.444413878241043,16.553543945322758,18.0,33.0
0.07651185496538616,0.055036517445521294,0.0004359439553496276,0.23859999956325598,0.028628202942055935,0.012595847099037855,1.852070463414696,23.64612641644493,19.683891762130877,15.0,34.0
0.09304587023193234,0.04115617699564981,0.000657600404098251,0.23753714525228461,0.038683993116390744,0.018121322436329648,1.601901740741255,14.65975996652579,6.873444347068537,11.0,17.0
0.0879273231307691,0.052823939679006185,0.0006939831624829313,0.014261691105874441,0.02666442577362653,0.016307528298917663,1.5327571196358645,16.49004311602801,16.849367135071248,33.0,27.0
0.08398453178482129,0.06856594021869372,0.0008158244352403592,0.21282474810905408,0.03124943356343074,0.014802645479132421,1.9068150232392613,38.91371565484005,9.31908937394992,6.0,36.0
0.09670902589617816,0.043965279222865264,0.00047578858969025766,0.27594181533189993,0.01138524315174766,0.019274546593236047,0.5959920126190147,23.560281680062317,12.475059761926474,0.0,nan
0.07482626654539798,0.04084699766269519,0.0009545286475026981,0.14833035758104612,0.017917449380125825,0.019192350067052756,1.8634979599954522,14.249759629020744,4.375076862251181,14.0,13.0
0.08759212642237664,0.051779463156916034,0.00035954441598617807,0.20756641150796412,0.013212768472400447,0.019749919400321912,1.53655671536893,22.88257857966622,12.442458607434494,0.0,nan
0.0927684985840919,0.06759070845527734,0.0009574180104658008,0.20210044739915725,0.021798612793654068,0.0141835220985059,0.5661511885152511,22.290962841953583,9.529916435778183,0.0,nan
0.07188706905213897,0.05062748679492475,0.0004061430648273933,0.21877655804337306,0.03275593714927925,0.01800847761275072,0.7495479557852095,25.54741221977802,0.9550168104576353,0.0,nan
0.09758464747147726,0.059544115137686565,0.0009875607131706583,0.20992642576666695,0.0019799661056886073,0.013415806084151638,1.796321556023455,25.285064136604618,7.0173049442969315,0.0,nan
0.07257339285190073,0.04095336088555232,0.0006200305989457745,0.2459741846246362,0.033891929122889485,0.012043743402345833,0.575975233476521,24.439460834188687,17.80445752434141,0.0,nan
0.09378901996700827,0.04458979226501381,0.0003805515773187211,0.061344804743422195,0.00038420868497386607,0.019382372494413838,1.5965844512479082,38.69535959743898,1.149871953014856,0.0,nan
0.07244755781742884,0.06781898792409531,0.00042653118149489806,0.1819917210078337,0.011956415169255332,0.013009819650089797,1.357309373447817,37.668575707677576,2.712845564163478,0.0,nan
0.08222255467987374,0.04594393621752786,0.0008567402752110754,0.02076809826262419,0.00561849165717896,0.01703228581163323,1.4821793814874014,12.28305531883893,5.597161306185811,24.0,14.0
0.07828021422495157,0.055560891812599766,0.0005231987507406575,0.07495419788000034,0.02405211098299874,0.01129829351230349,0.8304713713231826,29.68675975460434,5.639648122812863,0.0,nan
0.09086233813267626,0.044373464184648534,0.0009114972728697798,0.2909055397509066,0.02568577492264694,0.015756525259947213,1.4590055391317025,33.45730331942099,13.91362299880347,0.0,nan
0.09435396435421943,0.04404795789563306,0.00025084374131976084,0.16003775325923694,0.008158400611151927,0.015797683876473928,1.8674865419021276,39.86296200937754,3.541952309076976,0.0,nan
0.07227455850561415,0.06790482578172753,0.00021641640165872484,0.08227074483705346,0.006169437428132552,0.01027234157472932,1.5495811304325575,15.459386418868027,6.525641519369899,15.0,17.0
0.08206901232257482,0.06500742047912238,0.0009395493413583604,0.149946769728411,0.02617420784822255,0.019527521170593018,1.9386290720461377,25.777780976541642,2.1127701540001738,14.0,17.0
0.09894705020545835,0.0651454831142403,0.0009449708784538147,0.05245787870610916,0.03903894590436138,0.019307677963060463,0.7910446805725422,38.39432398941118,17.451990422900078,0.0,nan
0.07957510173226184,0.06008507530470884,0.0004794598086599993,0.12743917829882442,0.016650954983612548,0.015024956673833884,1.9115360770668963,24.208243315521266,11.150782162762338,14.0,25.0
0.08234916377959489,0.043165427157156565,0.0007965125110719863,0.008507604773389158,0.025532704487618175,0.014465960249445341,1.8805648806670545,34.400000082339915,14.946927429336064,28.0,32.0
0.0713314588569457,0.05924756800457778,0.0009960305463246545,0.08514786890908903,0.023650062168897014,0.011000821852128626,1.7879337941676328,20.571042953428815,8.765410381234425,26.0,20.0
0.070610545947091,0.04841826006288281,0.0008643084286126866,0.028246761074601355,0.00155324893667127,0.016411394333293014,0.5839913317830557,15.084373492097342,8.135064018780618,0.0,nan
0.06953490165520439,0.0628066648133895,0.0006609074915699491,0.10283955710262757,0.01700834803137521,0.019936843287533326,0.6089320526147028,35.773580611094715,11.810363707374771,0.0,nan
0.09479361643832533,0.06958530343689112,0.0009745039922972902,0.012488979649256798,0.018510061648145254,0.010875861886980876,0.625655320968358,36.474272061706316,17.06279790030039,0.0,nan
0.07522435904464464,0.053676471616901075,0.0008050340566252343,0.10628671521332982,0.004954041409664583,0.013141044654367221,1.1463749963498469,18.995865678820437,8.229399595039009,0.0,nan
0.09162060753886966,0.05988901441189033,0.0009979582287148537,0.17357534545251785,0.03688421216142314,0.018486240222213783,0.68718295180566,33.21381516498695,11.794308989610307,0.0,nan
0.09625139789933569,0.03683473997193091,0.0003193689384934111,0.08110557417015977,0.030500683921584705,0.010617811376639861,1.5672558282679172,14.3217303099219,5.680449352044093,19.0,15.0
0.07576624496552972,0.04803589851207999,0.0004650474385106692,0.006957592532878137,0.033817132099741944,0.014868430246937897,0.8377733579699189,19.03069264010425,9.174858587493556,0.0,nan
0.0827091818904509,0.06663943572206246,0.000855050899769521,0.06793217171029763,0.0008020382838199888,0.014607965027034354,0.5022402752995888,34.148248868096886,4.72725579767612,0.0,nan
0.08778242510072345,0.045134233154405935,0.0005626010178850731,0.13264301594217737,0.027480759657624764,0.014230365541376928,0.8752214315317891,22.92373781836444,2.6151436513804045,0.0,nan
0.0766275404066094,0.06476109169825979,0.0008479775675697491,0.07268162300865119,0.026410677818399488,0.011476620799152638,1.648525009855715,36.73733591736784,1.7944260937214302,24.0,25.0
0.0764712648155892,0.06735163781262254,0.0003851600623489632,0.07390410797340068,0.031910181574851634,0.014345349579460976,1.3989538476865866,12.689098488682927,13.380925839989448,31.0,22.0
0.0759151937580928,0.05856724600941982,0.00039323093489339106,0.005319587864038846,0.017646273476627842,0.017302423475971183,1.044139329634511,28.887054709071258,13.207871112947148,19.0,41.0
0.07938374240733168,0.037224258211662656,0.0003698318296535812,0.15945714145831635,0.0059035645766009484,0.014941532839924585,0.7503809833571617,35.59119077150461,14.745571906186687,0.0,nan
0.09580562664719944,0.06952144562089493,0.0009185364012642839,0.013933213454715751,0.030879168989388507,0.011981071793325552,0.8157433128966264,31.896946717326106,10.832426558468438,0.0,nan
0.09093865311486155,0.042508130467967975,0.0004013618760600212,0.1452990860725649,0.025421155423090265,0.01764605408583724,0.6623099776447359,39.232154524633636,6.186383400505009,0.0,nan
0.09551328972410122,0.04060660269476332,0.0007792014805363252,0.022890963753589164,0.010387777022289433,0.01963671366675019,1.6108890080472256,10.913955439174043,9.867139272603264,22.0,16.0
0.09536643400373647,0.03765597096138267,0.0009802785460050793,0.26077524151433995,0.031509683713633344,0.010046824596555558,0.9236888230872109,14.459972763468125,19.75759760176573,0.0,nan
0.07337909449719782,0.05382777387074134,0.0006725601880753436,0.12632217425287456,0.014923082405049122,0.013599809948987907,1.0369463226814795,19.169841099209194,1.3041767217362383,0.0,nan
0.09606519799919121,0.06465303442759457,0.0007037967495414661,0.1912159678752879,0.0036305926711424053,0.016385208983766785,0.8040678588133792,33.325100879940464,4.473208590470848,0.0,nan
0.0755269227942349,0.05182995565506114,0.00020947038470490962,0.18371036035361998,0.027671959105374615,0.019415980088240796,1.2040747143066697,17.5976937800187,4.051959621686548,0.0,nan
0.09493817203678133,0.05417920338477497,0.0006499306638730451,0.12532394075590192,0.02379125970973298,0.01389462584071929,1.2109793767888144,32.352279099714494,12.080534063517563,0.0,nan
0.09176730680617573,0.06552793204745859,0.000382665773761912,0.10526839552038604,0.025270581101706147,0.019003370445902844,0.7590130869233807,10.136857973615214,1.4319413169841686,0.0,nan
0.07097394329089891,0.05346736723164326,0.0005073364208834871,0.2487900200597534,0.013930994807830142,0.010029885277136063,0.7423173237686201,28.611079592446387,9.018247220676743,0.0,nan
0.08804237034416941,0.05651131573798207,0.00047051496818399554,0.2532254055888805,0.0027347592013270616,0.017882857924224546,1.9753462058382547,19.709845072695018,18.195898233123856,0.0,nan
0.07895910218354088,0.05822483314276408,0.0002352675077232244,0.019799122882883182,0.025870932653308566,0.015959623815682483,1.1075776852577341,34.5653794954044,3.143518278350412,22.0,35.0
0.07865283502444911,0.05143330293549455,0.0008109400778021309,0.286601198024494,0.023951781625118716,0.011084030775652369,1.650674198779217,12.394670314942182,0.4082965985866743,4.0,11.0
0.0811614139229517,0.0473306162113334,0.0008781543604260631,0.15775030408461033,0.030552107924576643,0.01517607498495309,1.1710441753439993,21.440730347446138,2.589121796085207,0.0,nan
0.09508999953299938,0.06100189065897575,0.0003117121941362092,0.21661155564329637,0.034125905140730106,0.01884297690450771,1.2601209082469675,18.135921126529446,15.493521562448194,0.0,nan
0.0798160223960507,0.03555842426190357,0.000732618699090951,0.22672314694756462,0.00026658233100152406,0.01825627603902364,1.8011074460666106,32.77040254451732,18.707719498637914,0.0,nan
0.0945455574112539,0.06195791137172181,0.0002296943659396913,0.03240280345698594,0.03480543067995166,0.015529480428935243,0.6358161166385513,34.79313517041553,17.39162229657508,0.0,nan
0.08636229734164307,0.035607110694832106,0.0003878768836019541,0.12271954789570964,0.006507473825505193,0.017097266956379954,0.974311786268933,15.347957003255093,11.307254454516446,0.0,nan
0.08341187484939931,0.059380804078956836,0.0009335121462847645,0.2520495758793431,0.00540777900487128,0.01410235996004409,0.9534667014066338,26.133349951703153,12.816090233478095,0.0,nan
0.08818466180422185,0.0542589052736608,0.00030084944784026797,0.05659507898630818,0.03937228037775227,0.01658439192228899,0.548837987899186,31.175898777552874,17.71938870929911,0.0,nan
0.06931613186735736,0.04334660560802241,0.0006098582525807339,0.29253736944891956,0.015978327446428135,0.017669246642881338,0.5734963379232001,36.07139184495598,0.07194911890861523,0.0,nan
0.08419260274517604,0.05530891534546784,0.0004052995521186208,0.16536531236746535,0.02196769355396009,0.014649207016928909,1.6882683755552026,37.223610743950175,5.7416439983282945,0.0,nan
0.0776729254099372,0.047107447464264526,0.00071858897156341,0.08325109275721383,0.03995563498000416,0.010647998581770575,1.8959491017283172,35.43350983632871,3.0813492866295618,34.0,21.0
0.07369921048653769,0.04225885478103299,0.0009704923265186291,0.007319291657890506,0.020305399999649296,0.01817968676934692,1.6916397353135386,11.716951003571388,15.128457479332893,39.0,21.0
0.08730939452864062,0.04239843288182331,0.0003246646346781334,0.25612937238779965,0.03263055735613404,0.012402647775341679,0.9014714378366138,23.05706286905361,14.56803289738443,0.0,nan
0.0956327312425129,0.038307107625061315,0.0006182524160047262,0.25784997918303154,0.03793138644808924,0.016973262431256745,1.7287205554240785,30.584435609328384,9.596443014576451,0.0,nan
0.09820504355593182,0.03975472301754501,0.0005129857974166425,0.0915182265318,0.028224127920375805,0.014286148041527568,1.2845365046280113,23.438567421728084,1.2072408337027296,7.0,22.0
0.08174959309073795,0.06150489266761547,0.0003017871207245563,0.17666997309559065,0.023562047669969787,0.015433975366594539,1.8453789046802458,17.849531703873584,15.201732615984811,13.0,26.0
0.08156428961929671,0.06980103014304768,0.0007414271960594428,0.2428081635602269,0.00632214332341433,0.011938157502510484,1.3292088605566539,35.638408488612825,15.769145048726251,0.0,nan
0.0936475361642651,0.06307230667482333,0.00022445936389106297,0.06206319917591238,0.03603276153792045,0.018388472808141237,1.7386273405152415,10.500801779818456,11.221839318934821,25.0,17.0
0.07946210216867708,0.0488895990467641,0.00032600677333923975,0.034848193255491156,0.010046132176975739,0.010255228200187426,0.6233777221263705,23.859049861850266,15.716261399727003,0.0,nan
0.07903612157774215,0.05644240198324023,0.0007880535112656877,0.15392940064426228,0.015454564923570427,0.012929340727006394,1.5086347953829162,14.959263172744777,18.59969946978034,9.0,30.0
0.09116949598834695,0.05492242963572029,0.0006458836874505198,0.09416483494278409,0.020699568385676534,0.012467858395424176,1.4707307350324625,28.035217264713967,13.84503646359054,10.0,35.0
0.0983751315917704,0.03804801075826312,0.000530445526895277,0.2636443866074204,0.00700854829507888,0.014312169374452899,0.9678378497392921,29.10834863915401,9.11984682873976,0.0,nan
0.09704543674585331,0.05735955519706479,0.0005897769876671539,0.04292804999683129,0.03620287380236818,0.013305654412821225,1.120752185147944,21.67491622541342,7.739880379926456,17.0,28.0
0.0729989276509054,0.057568806159478736,0.0008884335430753363,0.23009810242569262,0.008982023754705198,0.01685517150394657,1.1566383755360978,27.718263624396226,8.584108725461952,0.0,nan
0.08990173912876906,0.062254440741911166,0.0008671220375131002,0.2976840370241293,0.0018392780973462302,0.018662426712851184,1.381351398039391,24.028761073009235,9.963708280845603,0.0,nan
0.09218814709747614,0.06007425579307979,0.0007850941650871983,0.27430445984883267,0.016023439708242576,0.011661588981376795,1.1272691453677965,11.41891099265599,12.258274982096712,0.0,nan
0.06994333302289744,0.03794965680619598,0.0004629911115206658,0.015059133019480253,0.018262666767853625,0.01841748978932935,0.9920671426482852,25.017242227504617,7.853803687394217,0.0,nan
0.08937399850092818,0.04671637287538914,0.00026022804473470757,0.26430509735742386,0.0038658536284348365,0.014903133751018163,1.8781912999067014,29.45313879606072,12.778632995196453,0.0,nan
0.09727030252816024,0.0539943311057379,0.00029471973776400585,0.23683748595017984,0.022761255578082763,0.014030017721129932,1.7006887633965493,23.113789365598286,12.54383809938264,0.0,nan
0.07321994109288338,0.052192539316620906,0.00041055736745384695,0.2674926341103231,0.03856123109660901,0.0179030055738848,1.2523731311489417,23.365839651854998,13.67364852166294,7.0,35.0
0.09482751672039813,0.06180359891653943,0.0002985420002718807,0.12034780699668846,0.01782546214530725,0.011519858297386968,1.4448154011247758,17.910560321720176,8.025298058492186,7.0,23.0
0.09590623525413514,0.04959679260403857,0.0008921774244952503,0.1119846521794458,0.012340789015379189,0.013371948554832706,0.6833281620089121,13.975710426172265,5.30238877894095,0.0,nan
0.08573021568411161,0.035000548782431994,0.0002903580303839077,0.20515560714381237,0.032053275633455884,0.017849229214417665,0.8143743740169485,16.64020504970641,9.252210486962243,0.0,nan
0.09849274444598977,0.06130067793527551,0.0002564574551484145,0.29357137069490014,0.018972186247722483,0.017505946233696675,1.2226177644516416,17.09349912681789,15.289916331475075,0.0,nan
0.09417992152349498,0.048394512968655275,0.0003508052167749804,0.14443298931478887,0.029771522329013995,0.017220575624257804,1.7901277176870558,20.78232902681141,9.757917255156539,14.0,22.0
0.07269693544898594,0.04221338677106679,0.0005518340532382178,0.24022184463057836,0.023217546529945624,0.019434334139171346,1.7704637068941804,35.23502472667333,7.124040001526783,0.0,nan
0.09733970118281116,0.05568341670232841,0.0006539902077695444,0.28712639614619884,0.015864098418280407,0.01852657886133343,1.192119407889616,29.058812468257194,3.5120766982184493,0.0,nan
0.07973991765472409,0.049426014885802144,0.0002846342227130945,0.22977945703767155,0.0012121379345623319,0.012399884484613965,1.4087400835841288,32.22233910527291,5.863100757572795,0.0,nan
0.09325229011256347,0.05320070676077869,0.0006004183885181147,0.02653185369141813,0.02012285563408783,0.015661748418853434,0.6519624305960361,30.71703696997094,5.095833458233261,0.0,nan
0.08407749275917151,0.046446983354594136,0.0005163494849563905,0.09639782764247902,0.031425222048833155,0.01663353596534172,1.7414607908608024,13.885087773051337,16.96075313772625,23.0,25.0
0.07200017789191167,0.055253092984511094,0.00045521142359693744,0.22299262621425947,0.009368078012826133,0.015712079198558784,1.490958056575407,31.27569452835594,14.141823077958973,0.0,nan
0.08988306657248216,0.05911354248719976,0.0008512266108946176,0.11557049300696152,0.03643900856944399,0.019564236501582413,1.9512123401045454,26.74786541108225,14.634466451660815,21.0,28.0
0.09054509161429977,0.05975569192207051,0.0007835326696743047,0.1743756165161573,0.019138801269054557,0.01924498794189982,0.8465423874150676,26.906013469379044,19.418260190052422,0.0,nan
0.08647796130925434,0.05749127720392384,0.0009617003622577094,0.13753819815783083,0.03167495530201371,0.011150501523554745,1.0484562860307995,17.709986446255474,5.377267845123683,0.0,nan
0.08301363163312314,0.06611083070761967,0.0003571942877452062,0.09335467897675069,0.020186205768805518,0.011549536653359501,1.3365636605540976,13.01966407463701,19.858975739089374,15.0,30.0
0.07684999210470272,0.06291477099568231,0.0003439507849079961,0.14326120183964422,0.00956439688955176,0.016068951170172877,1.2655357485117475,21.304520028842887,8.815172931378951,0.0,nan
0.09227510291390015,0.06713005805294811,0.0005957325365139905,0.2788867072810862,0.005185110902413867,0.019783008321340563,1.021502555294933,20.444834529675553,7.5525564420185685,0.0,nan
0.08266506666138997,0.04790437628478801,0.0008215415689080929,0.24704733086543265,0.039644824773482246,0.010423320200569741,1.376420107707871,32.65673689627851,10.182363990565937,10.0,38.0
0.08331541541136268,0.05150080092815365,0.0004404067212667715,0.09789153002608347,0.03567519541389153,0.018694393150456047,1.2889517882977564,11.917539878094047,19.913146345912068,24.0,29.0
0.09102072431099026,0.04017722345987446,0.00020049195466544006,0.27279754604829376,0.021439651226577906,0.0126913318799888,1.733177760951429,39.51325215177399,5.044687590141996,0.0,nan
0.07315240863781174,0.061037465343747224,0.00043328207624072955,0.22840495066597608,0.030750688158425087,0.014409698689507235,1.3522648751604653,23.703044431850095,14.46060503258515,8.0,35.0
0.08447717605545055,0.04179008633738537,0.0002210768879427648,0.018612212319185438,0.03956242093832011,0.013751833897653646,0.9358583078503605,36.39437504272908,2.405094554992961,0.0,nan
0.08474948467101177,0.0663815949860492,0.000531058650097967,0.19935897897414992,0.0045499799729741995,0.010383864951803847,0.8833832439123254,26.00892919037986,14.36608650194011,0.0,nan
0.08251364386416819,0.05612234525682073,0.000652388077749897,0.19779399635530634,0.03318231370749897,0.010542810836065798,1.2760936095856115,24.98374466241092,1.7125565435693937,1.0,26.0
0.07456090057606748,0.06039731981619903,0.00023914279572264464,0.2790539830056489,0.007189043198426482,0.015608248176352688,0.8746910833648383,23.20412041234667,12.192492175865798,0.0,nan
0.07803914728933051,0.05775135814447712,0.0005346078246684198,0.21450412184005097,0.027088235319450024,0.017114246146820437,1.2352690494946101,10.33471610903539,3.2780786674947016,0.0,nan
0.08061980379680658,0.04010215936468617,0.00026389897895680867,0.0402678451539368,0.029534334396426814,0.0110479380277323,1.7120373011632222,19.4232104614874,16.68255970814609,32.0,28.0
0.08375102374693981,0.06653835619296936,0.0004721059388598086,0.2660579413530335,0.024776792822147967,0.01585837601707979,1.6326302601647882,32.590148353030315,7.662134647785867,0.0,nan
0.08329536297780292,0.0524263577627926,0.0009284113091807011,0.151691241707243,0.021469733503769226,0.017966379096189276,1.641340707801002,36.10305971596816,12.61263640624642,0.0,nan
0.08978984815853394,0.04678849384716222,0.00033507243969871,0.06069650504966537,0.011143588205217433,0.018287472075820745,1.4533547374950697,11.312890123008764,17.525349254899204,13.0,26.0
0.08555965596865912,0.04043624739938514,0.0005111471221034864,0.18740321414591246,0.012199493394303658,0.010140196524847869,1.6584726105975585,39.789786444394046,10.576872875112365,0.0,nan
0.0957203543485274,0.04816217031723801,0.0003159443094157368,0.07858179031453895,0.037051845436883044,0.019117794972345954,1.7530600640669463,22.113317171373026,16.51794250968723,23.0,29.0
0.06911069633460065,0.055848226781354135,0.0008325993193372519,0.1676181374928795,0.03530179948393366,0.017632733804121593,1.306613492710944,22.605576414803974,5.4930572447057715,19.0,24.0
0.087229631398237,0.05701273022789573,0.000861983936813835,0.0021795229900659495,0.033553864091686744,0.01009073172404347,1.6809957167067875,21.268078793099825,19.261172988812636,29.0,31.0
0.08352714874374251,0.036654387334073224,0.00024314938461069693,0.130154106779286,0.029253700668663285,0.01893683880919241,1.0653536701581676,38.46081956188857,2.284275348716908,0.0,nan
0.07614809140186912,0.06877340097828488,0.0002330405817088913,0.2882934010920015,0.015238819183733734,0.01985987749292227,1.989919305489041,27.128087043907925,2.817939745865149,0.0,nan
0.07359596830647272,0.05356897125380203,0.0006263872366626063,0.18835478981283107,0.037798861253958455,0.016458148032089098,1.5510809224434199,19.21135930162758,8.627961590912378,23.0,21.0
0.07773703323764718,0.05884993233496219,0.0008182781659625854,0.19656701647668004,0.00232235390310636,0.013201161919685475,0.5376955517826112,10.80166793853219,18.215545930713198,0.0,nan
0.08942123464899529,0.06727368451278148,0.0005428262338906545,0.19581251948577708,0.008061592528746577,0.015268232786043386,0.9782300778635956,18.859375513806945,4.416591473457231,0.0,nan
0.0869377500905259,0.05086266506151667,0.0009021102549196876,0.07614033113851178,0.01477219221013595,0.01351364185921219,1.166179421457445,13.185281387839515,3.7045694880006064,5.0,16.0
0.08885108815969923,0.049308270422211635,0.0008010638957346053,0.12155942053227371,0.026775254169807822,0.017452211888920106,1.0648321802235827,16.56204764679171,2.751146664524792,0.0,nan
0.06920119023545869,0.0411973519589325,0.00026952300283354994,0.2039141357012796,0.018865219419950136,0.011569162077166127,1.8269759083264354,35.39806584644574,0.7817229235275323,0.0,nan
0.09011279494743812,0.04758199213856002,0.0002278144285950242,0.2331949429600252,0.0345648241001455,0.013969658007227416,1.3406505012357615,17.47011726291845,19.399997973450745,7.0,35.0
0.09696277987253546,0.03574009429915824,0.00036342972747164127,0.27088110072881155,0.024143415704458007,0.012619748496975175,0.6773917534842271,30.81590871738525,2.4709972097744552,0.0,nan
0.0778828601361164,0.04542388046526277,0.0005040223821330354,0.0990194963605144,0.02223429860308575,0.01222309090827079,1.931002362098887,38.269288176113086,8.979207183156719,20.0,30.0
0.08299493810220339,0.04479301974648969,0.0007056486540841456,0.18402926845940917,0.007865406651073522,0.01010196326678295,1.6199877422303044,16.96656716778722,15.386863196100444,0.0,nan
0.07390856113619275,0.045619297333683195,0.0005387070018262107,0.11385854462479068,0.024890365393511544,0.01141966840405213,1.9948857096576735,16.182708548022205,8.353233823111747,21.0,17.0
0.07738289869231726,0.051069397911157395,0.0007748193478335851,0.06831245927216587,0.0009736121303835982,0.011765407516542805,1.3654227288170349,14.896062630002644,1.1191402535313235,10.0,13.0
0.08211335066186308,0.0498626504139115,0.0002746222046818648,0.06577248560339734,0.03338309887000349,0.012012132355791141,1.4668108850630226,10.095478165401808,0.5662531465682248,28.0,7.0
0.08862394855565484,0.06340295141456136,0.00021578022766605132,0.13571471777545932,0.02829315208843007,0.010727644659259116,1.0781090316081163,28.467954216918454,3.3560886811525883,0.0,nan
0.08098429417507236,0.035899725380796804,0.000886264441062993,0.2342669112942125,0.014016354237617379,0.017469431269523383,0.5190767008008204,29.3056836426982,8.30541081201683,0.0,nan
0.08870191033277085,0.05972358302760522,0.0006043541469028345,0.21305843273248454,0.01969367257837304,0.01776822297689523,1.4983677968287674,26.37722013563865,7.910266468712143,0.0,nan
0.0904909132183406,0.062474539388074166,0.0004921266258752586,0.13454117130844173,0.037253951983492656,0.01854766504909219,0.6713558985772465,33.96974616676339,18.316945171429282,0.0,nan
0.07371139134520152,0.04635015738627412,0.0005260293081725681,0.11704201333450004,0.004131179402620712,0.01733753988643011,1.9810732068894166,33.132050319497424,10.475368258174198,0.0,nan
0.09186335314001802,0.06682488511471196,0.0006877347941857278,0.2504929719014724,0.0014240406162650588,0.01982729033885049,1.1887958656586255,36.207277663120855,10.715274526227084,0.0,nan
0.08660016858113476,0.049080013040580774,0.0009915094153724342,0.10889559395171455,0.0033046331653888723,0.013927478692271771,1.7223503641832292,15.786010682411863,17.286005061175295,7.0,29.0
0.09713938125118339,0.04576153913058864,0.0006061183909772325,0.17913372282063728,0.0269525567545133,0.016259298219307182,1.0719760496663762,20.1733350153411,3.436163994390995,0.0,nan
0.07799061470935055,0.041763816524211475,0.0009156921456225468,0.20003242060736295,0.01078257677871379,0.011181534505501661,1.706298360771527,31.983590032993625,4.823063930186272,0.0,nan
0.07728747903274374,0.037004154191335036,0.0005781563451500805,0.2912093155646934,0.0167411136711105,0.01166876791655005,1.2988071848181826,26.88585001286402,19.10454152442995,0.0,nan
0.08059324536167146,0.06567941393948527,0.000519459810586209,0.11994721288990004,0.014388146392936852,0.013184659444145302,1.4001017770877493,31.06755864906957,13.627696253577117,0.0,nan
0.07429776716663375,0.0486126646056346,0.0008104481738235836,0.11297149248916563,0.03884187226550356,0.010958386346970139,1.1126814781093355,19.96886037386629,17.235612685974985,23.0,36.0
0.09803229882167064,0.055993883851310586,0.0007732296242102572,0.28249481086650224,0.025174234377651854,0.012987358739197683,0.867102764315866,25.462857019944735,11.894474071732697,0.0,nan
0.08521173945251892,0.06846487476385238,0.00020572685437632784,0.22006538008418114,0.018290338882637754,0.012748410337133064,1.488449857325814,11.662396191601506,10.893044705607075,4.0,21.0
0.07878866553883035,0.06915593639208437,0.0005978597771194993,0.10413286551074008,0.027773199909655797,0.019997332960469495,1.9012354149765043,27.09481543172084,12.952148390277126,22.0,27.0
0.08196398218778125,0.03747306779551547,0.0009087949794789206,0.016585654545872883,0.004410300430078814,0.016953402500676326,1.5858725898996975,35.887406251045306,4.582076278382602,23.0,26.0
0.08505992599694254,0.05252130266546007,0.0008310818735628949,0.041227132694179436,0.022836179412206625,0.015539471231663424,0.5103396257318267,17.127127070519627,1.5966910942095978,0.0,nan
0.09422394319150579,0.050322001695799486,0.00024235945069868458,0.22349761572371493,0.03371454057756822,0.019089934770576064,1.2089505861974148,38.59906030472104,15.462284855337105,0.0,nan
0.07519607355372226,0.036102205897806605,0.00043030531502521655,0.025794286531460677,0.021161780723098485,0.011457458179868475,1.759810565593317,20.38831289147874,5.246648248655301,34.0,16.0
0.07003399544465282,0.05796991658979549,0.0005754885620036395,0.22795831645867395,0.008762947466865886,0.015061609357153002,0.9126730943954724,16.326022811630732,8.488176374408656,0.0,nan
0.08823403146387843,0.04413515233290761,0.0007489075523124606,0.08013844243748608,0.00919569319827325,0.01823185046149823,1.966300035393926,13.229092103055518,2.1677490188480144,15.0,9.0
0.07210949880984084,0.046020532893335124,0.0009679499840269878,0.12449811437560479,0.004708506895663447,0.011312201917815344,1.6777723542425327,25.1170821466598,13.586409320315148,3.0,35.0
0.09031612765188693,0.06234521596680901,0.0008491729450596968,0.25922432283096875,0.0021550359070930665,0.018909605904280063,1.6748595978113763,25.64516892153388,2.9022484993773503,0.0,nan
0.0965952171977211,0.06421073208780377,0.0009123918620022299,0.20816702978929616,0.01178495592772841,0.015690118300894635,0.9890539980412683,38.01785645581688,7.7229335600097,0.0,nan
0.07384311760717369,0.05875477630338805,0.0007904984007744343,0.2552946271237563,0.006611244980594453,0.013835733412969406,0.9199446434289587,17.627032217299778,6.0491409337382684,0.0,nan
0.09766501291057791,0.06569711894438535,0.0009782319416539182,0.22471947114324953,0.02745469589666251,0.014375748679406712,1.3036723626166193,30.02251732266364,6.458037460049658,0.0,nan
0.08838240471184736,0.06687781312462046,0.00034639583818304846,0.05817119677077645,0.008418946915242006,0.0159812196094523,1.6357299441610456,34.669997217765996,15.622940736691044,6.0,41.0
0.08701519726843349,0.06833254134235647,0.0008275341375321747,0.12973768414735745,0.029152376138626153,0.012290940768271166,1.8108732435357007,24.55087582844856,4.921336796445122,16.0,20.0
0.0964678796207857,0.038584534140732714,0.0007449628826124512,0.057998499542214386,0.034383012001403306,0.016123049192901247,1.2476114907676799,37.59582850381348,4.133370310424612,13.0,36.0
0.09027762240696147,0.060698740426634715,0.0005716832855882916,0.12304947274937633,0.020447664733390953,0.01593206670913888,1.0289870934361365,37.075821283324814,3.041871689541452,0.0,nan
0.07709607136357963,0.05412199664710256,0.0009556750682426127,0.08406353209953894,0.0034389983264316998,0.018332702089219416,1.6258010521231,33.07931128068316,4.621598519022209,0.0,nan
0.08512876460198021,0.04655550304475044,0.000678922549454193,0.1334945125941573,0.030350424410651083,0.01498486410232676,1.6652293533246363,34.25554532994382,17.55640354819214,17.0,40.0
0.08785176919318677,0.0405645278449724,0.0007579431005186039,0.009077179616851451,0.027963861762744024,0.012343734905657268,0.5581754075491282,27.385279049736155,17.894289474336,0.0,nan
0.07847648849184524,0.06461198559235654,0.00020355341344040586,0.24107266136031508,0.027295884951777462,0.015106676829798294,1.052891609762943,11.033408045287628,0.6681594276475857,0.0,nan
0.08624145827141583,0.041632639576235836,0.0009202885228052183,0.05913812126521728,0.02848843643277448,0.012885432297273543,0.8252847237423304,11.156924036718138,16.776360709809026,0.0,nan
0.07105898257230778,0.03598374086770076,0.0007646300493449873,0.28591807985586143,0.03099217396594362,0.018057483931071164,1.7151072247403831,33.681080661358166,7.385442136597655,0.0,nan
0.07461083498890765,0.04628479116106752,0.0008833061201421013,0.017525326100532194,0.019801848067795082,0.012330557089575997,1.512225113657208,32.15224834360525,15.061002505140584,25.0,35.0
0.07758682038449223,0.03869341280122135,0.0007273005978534348,0.027049756910823255,0.024576953281707847,0.013449716581557705,1.333363002173315,30.613487552992982,16.8974583935788,21.0,39.0
0.09813940039884378,0.05167558578734851,0.0007496189979352673,0.13130315704987244,0.015682047523933054,0.012849300416592433,1.2414528949332742,19.56123551087522,18.63858671237667,0.0,nan
0.08002134355719466,0.043579675762804214,0.0009494381086124847,0.17002442700434892,0.016350739756857084,0.01655736739364646,0.5636527991966013,39.37272999398748,6.953785730805117,0.0,nan
0.07991623539799303,0.06365729650750232,0.0007141338237555987,0.1033853442078357,0.017171363739451388,0.01960561556610493,1.1003885271152392,12.728246785380891,4.263909241730752,0.0,nan
0.08364929651404321,0.058496290596698426,0.0006977909356707261,0.004808239949008536,0.026922656518774696,0.011778041158118467,0.806770696708238,35.09053251674669,1.6562097451265823,0.0,nan
0.0889282004491915,0.05660705409027953,0.0009726379762709787,0.18690657938689173,0.022514728825157655,0.011126529394909046,1.3891534543186217,10.668584580894102,0.6628759964608693,5.0,10.0
0.07916315349319583,0.060483536259703416,0.0007932828114862496,0.17151387713964156,0.01373958998315876,0.010590338626299597,0.7605310115780927,37.34698719702071,5.43121792206936,0.0,nan
0.07029784308230645,0.03923162911873284,0.0009855549138231975,0.29544135514253217,0.015174616885673014,0.017997949841789086,1.4147411267915728,22.54334453936979,15.580608999272334,0.0,nan
0.09854013599771745,0.058933772909273666,0.0006772367541363377,0.06671138654250598,0.031175049916916994,0.018460951236476057,1.7636142501187546,10.744261748495395,15.872297087237213,20.0,22.0
0.08580329613059942,0.05290159248309935,0.000553116621317406,0.037417852233042254,0.03750869371275208,0.015310391704235427,1.0133828585637499,34.89450431432419,12.69666931132577,0.0,nan
0.07964674925615928,0.06432606543509356,0.0005028437774965479,0.08646032335528202,0.025760193785057117,0.01915410764424475,1.89160279592311,39.04786555839861,10.252927927350111,21.0,31.0
0.08286297901177875,0.04551210878546538,0.0006270217947261233,0.03623373887726612,0.03818539493862957,0.011884505205558187,0.7266686170962222,13.36490435178588,13.457537732272382,0.0,nan
0.09872667878392742,0.056828642474974725,0.0004994614898811273,0.09851832332567981,0.016418321187103922,0.010219125416875311,0.5549085373835908,38.78816882317549,6.736863849563216,0.0,nan
0.07928094112574459,0.054733082987803994,0.0004531861731283868,0.15214371946725286,0.006717990129690913,0.018780340284181497,0.619395327944632,25.940820880474682,7.999146688851377,0.0,nan
0.07011356031902392,0.053183608312576,0.0008075892247075767,0.14605847109061146,0.007486011722632075,0.017037683764192492,0.5052941079845491,31.71267810823345,11.710924184651098,0.0,nan
0.09139328129674784,0.06206828198931602,0.0009471446912481603,0.04785773197766828,0.004389233635105152,0.018365813766543407,1.9189323259984774,16.270000571492382,6.114753818132624,16.0,14.0
0.08907016979704951,0.06270824085712022,0.0004238918680055943,0.29422347901539564,0.029649037015197527,0.015077082622101662,1.4153467083409215,21.05230919393446,1.0225861158997125,0.0,nan
0.09404219862050081,0.04487293260112807,0.0003992517609166499,0.043314660999333225,0.014452387419540942,0.01293627902709202,0.7396938112320617,24.394559805483254,6.281118773470698,0.0,nan
0.0698719885141249,0.04204515026824422,0.000715029083079369,0.2155625771129823,0.005322747412837524,0.016296623221702444,1.0339047846777154,10.437845347947183,14.727866742176737,0.0,nan
0.07745151540629651,0.05005782162485067,0.0002682499686707128,0.06954377342408834,0.006801013285103296,0.011398629120776667,0.7326324751305584,26.610616283203925,9.810383724117711,0.0,nan
0.07031477500027454,0.06904961637072918,0.0006897530374061177,0.24410785641063357,0.010583130845798061,0.01097006778198635,0.5893309249966554,16.00953481733673,11.10412506069089,0.0,nan
0.09343508444143339,0.03624938263123819,0.0005788540800595971,0.19330914188241813,0.012800318607605464,0.0145351777844506,1.5816018903194156,32.436877547715135,16.292207596995883,0.0,nan
0.08185639366071151,0.06495278866890955,0.0005837316480344392,0.0111783033979982,0.01105609294670132,0.014487819295299298,1.9290613279801925,37.71127043437892,16.23015181044538,26.0,34.0
0.09261617841136992,0.05454896912599719,0.0006826175096809502,0.19041138960410936,0.03924751576223559,0.012239468643200307,1.2713745925258397,10.23898179113437,6.700849292035694,9.0,16.0
0.07531649837927071,0.06618776929896332,0.0002109024946583003,0.17569925051487775,0.02256428340566005,0.013103775438778487,1.431195255652157,24.758381669941503,8.110061175776984,5.0,30.0
0.08858329221666456,0.04340714532964404,0.0002853430671492011,0.26920371421470757,0.004181350180956552,0.017273268706943998,1.438273753656485,34.37849718244082,18.74330650294912,0.0,nan
0.0843146064938504,0.06027946099268641,0.0008800341153592699,0.0352782403297811,0.0028348956719042614,0.01586810811741916,1.591397761809794,15.658186422331926,6.8530751012269695,18.0,17.0
0.09350873100886192,0.05307204333975568,0.0004462283884348443,0.038180520474992326,0.005770650029537119,0.014712655374795975,0.9322831138079967,14.728564689226184,18.38583908879943,0.0,nan
0.08310364439253318,0.03982116859511773,0.0004430483095731434,0.10119588116030004,0.012630598263848306,0.013628348228441582,0.6315200778387517,37.86859537257506,10.112478454355466,0.0,nan
0.0785730039454102,0.06817874714436618,0.0007676509781203837,0.15562980089547318,0.03219279676423803,0.015579121853747002,0.6115763999237251,38.17913514270923,12.323645819803005,0.0,nan
0.07504418676889,0.05634846090542736,0.00024775845794937747,0.2777115166194408,0.0391664770081256,0.015479110359392305,1.0572184401740778,17.252356557857663,7.486976172628239,0.0,nan
0.09382567197076172,0.04956172157283228,0.0004832675812313092,0.07561886992359197,0.028816349853052373,0.013555316703819514,1.4462661116139661,19.335855697149846,14.828767137788754,18.0,29.0
0.07418382367605479,0.0437030884404778,0.0003618598374074314,0.2511818699565459,0.011622768980691995,0.012169761097946728,1.3127340683860305,18.57012677078149,3.92644680941282,0.0,nan
0.0838701174323311,0.05726757903195418,0.0008938549130906174,0.024461722197196313,0.013479056422738984,0.01536808709321152,0.9951581057173315,17.390257154215565,10.025303016384289,0.0,nan
0.09191389274635199,0.039937031499191235,0.000567110990303749,0.2801589493730922,0.01314365654721647,0.010319297728355055,1.9713185585297905,16.809036381374998,17.108814208799632,0.0,nan
0.08610714560870245,0.05679171475106484,0.0007760721114778417,0.06434870079589548,0.03707919692918698,0.016208415640521657,1.0912705332432644,24.13160979193846,17.799953617590294,15.0,41.0
0.06979035029332016,0.06061785959092339,0.0007615408751703729,0.04664491914164773,0.038422424516610654,0.014765126596169097,0.5930599740702964,27.95624805403271,4.071836093739422,0.0,nan
0.07600484658784668,0.037175831759181446,0.00024962116267286395,0.003108529718875676,0.035585676003539395,0.016001816387533556,1.2170646724763008,14.072740081219102,11.391567429359569,38.0,22.0
0.08139938939371563,0.04775065299223891,0.0009361743136374713,0.04949191514710332,0.038293396610514736,0.01246007596091983,1.5635146482143594,15.827250473208812,19.94593402239555,30.0,30.0
0.09442470018802077,0.047218022052707184,0.0007343755032132172,0.10013825593998375,0.0016321820815067276,0.013642817291397817,0.9647977527978723,20.22855732314169,13.501684750840901,0.0,nan
0.07343249718447213,0.06701117258283748,0.0004384731546482265,0.07711330338767539,0.02313949365208544,0.013248287383641547,1.6080845021756045,16.765646804689215,14.887986865057385,26.0,25.0
0.09546459013348424,0.03514205320565767,0.00034702735522498156,0.05343159058593032,0.008272314766067686,0.01809394822574667,1.8349493664019179,27.469038344381225,1.517785067131081,14.0,17.0
0.07565889399508346,0.06803458538914847,0.00041985777576310733,0.24925749150522572,0.016872754384940725,0.017701961666907146,1.234066476588751,37.98333866424052,13.156303583549743,0.0,nan
0.09887020579443936,0.05019039967832474,0.00037257136992733305,0.17274135748143685,0.003006429305173772,0.011724724353027157,1.2945186902789867,31.61351064745064,0.8527665608592395,0.0,nan
0.09294922525241821,0.06137238627826932,0.00037495766334273174,0.2990532571491119,0.019432824471462832,0.011619588083756316,1.9420121524327618,20.802395742171964,3.6427237148525986,0.0,nan
0.07046778654006364,0.03636226387317171,0.000557802807408499,0.1400134074374535,0.012969593524843866,0.015813521955264642,0.9569439656780171,37.17328975531309,0.892840032960094,0.0,nan
0.0804966461242946,0.061203234116968264,0.0004940509881775691,0.22179726809778286,0.01725202791226315,0.017412616308382745,1.9577576440965245,21.755113555038392,18.927891121406432,3.0,36.0
0.08606505174480632,0.06533284327691402,0.0004589837389706073,0.23214321981852648,0.01745766204109466,0.015253255740000884,1.5294632415165523,11.502527157555205,13.99054572380907,3.0,24.0
0.0808069294470364,0.0387463988143809,0.0003529870091281614,0.2761551911193522,0.01854666686433961,0.017831577060674862,1.349931514423944,31.502908730063915,19.155959513161626,0.0,nan
0.07080099193990763,0.056068448404719154,0.0005201849736868195,0.11823425311934958,0.014627534670094323,0.014789512075899094,1.2572861588593016,18.495969222349537,12.028828468966818,4.0,29.0
0.08012665773477595,0.04383034086584511,0.0004962217969495887,0.16466630098565121,0.023422129594735032,0.016716620114655856,1.0829150338836921,24.69647908670931,11.448364480796258,0.0,nan
0.07584889421816168,0.06413769095832528,0.00033628810145478697,0.10904521527039304,0.03234411282947266,0.01948169704988174,0.8942253319811584,18.62636369357573,3.7471004923584146,0.0,nan
0.07437337243620443,0.04742562346082044,0.0004136053120287755,0.18544442032079175,0.0026344118264960063,0.01052349646936305,0.9832050864506121,13.67652784234311,0.24665371235471426,0.0,nan
0.07548428425567201,0.03816481855288036,0.0002810872958001792,0.030668235514168633,0.033277750369362855,0.012814499919501121,1.5793219391634672,12.845556007715148,9.452489758044823,43.0,17.0
0.07177325909791828,0.06535400273206057,0.0009435674731887754,0.08736960534748907,0.02102161787263219,0.018987290249814298,1.9486817864907866,30.321969635796407,18.8168917544957,23.0,34.0
0.07121265661184502,0.052618334081029366,0.0009837845695135274,0.20184915723663704,0.03423650359821648,0.019881780670910013,0.9494286746996004,26.202471521632475,11.495523420297806,0.0,nan
0.0788249960492944,0.04885418577671302,0.0005871998904308936,0.26211572752007056,0.03008181495394037,0.016779284467093362,1.5594093655818808,31.367950771432998,16.095589907846293,0.0,nan
0.08427111995601631,0.06929101284896569,0.000665952577887355,0.26848432247550474,0.03504889033336483,0.016733710578124974,1.9621159055258186,18.317480778630845,4.972149414059267,12.0,16.0
0.07057276762348169,0.05088573087274374,0.0004885844753104654,0.23102887674423578,0.035786157407436965,0.013067579324702195,1.144212532152739,28.955280110693984,17.947613112235643,1.0,47.0
0.09147141064054135,0.044467834806779946,0.00039151959723672145,0.2965887827858434,0.03292677100743452,0.01933517941157096,0.8600576268768328,28.2640157809979,11.644160496226172,0.0,nan
0.09632175653748494,0.048231182029881574,0.0007537681273888167,0.04424833621549439,0.007634749637186897,0.014688510251140414,0.8563350666664418,12.938637033761255,8.677005408471235,0.0,nan
0.09519380033408537,0.04148826239803674,0.0007082578879956869,0.28124960291181517,0.03739282094555275,0.013282636903471234,1.0990181943186108,21.970089715035254,16.34228931389378,0.0,nan
0.08037098629511247,0.06260141440681953,0.0008741053400286446,0.28905004726941663,0.00923996148878577,0.01660298277467702,1.164722377131726,35.15653121796717,0.16806151457494728,0.0,nan
0.07442265642531666,0.038951304559975,0.0008714620736802141,0.021972326859101277,0.0025298720924387826,0.01992856706908798,0.5200695650717011,19.865909517714442,18.017929067741992,0.0,nan
0.07402379494897361,0.0487090684213232,0.0009048503771802336,0.26579506587068,0.028749889441346772,0.01122076487254102,0.640740820127217,12.009106088070341,16.43970398808159,0.0,nan
0.08567423359822438,0.05508820252948852,0.0004875330503708306,0.051962776463920377,0.0034687475337487157,0.01718179418654011,1.5194356173187868,28.530579378345074,3.205932894947078,10.0,24.0
0.08020821999791636,0.06888364912172923,0.0006674146406156958,0.09231780754065853,0.014209126536835232,0.01862705479332074,1.3218506917724855,21.513108446957247,5.908106825283833,6.0,25.0
0.09287577483099185,0.037736045596038464,0.000671165782831627,0.07116424627675581,0.00042828984024606163,0.017761282876260238,1.374137312736091,21.847635203359268,17.630596377134584,0.0,nan
0.072384500703579,0.05113008416088463,0.000933138347028967,0.13813593638530378,0.007241727009552197,0.012705028614805366,0.8413083787410311,15.138366295834944,2.0129153203047494,0.0,nan
0.07694179880683732,0.06976249676893317,0.0009937237216784878,0.050453717657572686,0.030139803830585028,0.019568792476031164,0.7017013736334612,36.96971883725109,10.77727703864846,0.0,nan
0.06946828843467709,0.06402023147149723,0.0006301409370669905,0.16103745870986644,0.018702993472961577,0.019066460224439342,1.768830443081895,29.243083422264476,16.029805866466063,11.0,36.0
0.09124847794784427,0.039555825869012705,0.0006237164711255542,0.2173847473785013,0.026057478937837945,0.010685482025270893,1.6993281348830491,33.822511465748306,15.199409878958035,0.0,nan
0.08161644928818014,0.03642440522632125,0.00039498451602031407,0.0630224112292312,0.005553822781575019,0.016905959714065576,0.7238354095189417,39.63642870149276,2.2256077656454694,0.0,nan
0.096811399007969,0.04700594705547722,0.0003318845889937266,0.2253730448821185,0.03595219680914843,0.018598704762210257,1.0874724165091516,14.51250296431083,11.949439559275469,0.0,nan
0.07629638139714512,0.035292754308818834,0.0003303074579098128,0.00020185302370898827,0.02504448092120847,0.01605445565860516,1.46367692480619,26.407596329490996,6.207183064026909,37.0,23.0
0.08463491986097564,0.059437473665028176,0.000638554894747042,0.09063422039983028,0.009769915666165504,0.013782734057958896,1.2288952912974185,20.058204239931605,7.428103344331934,0.0,nan
0.06908972077349936,0.06767297828141296,0.000722427253575056,0.07038861176050688,0.03533354039938699,0.01737340865552306,0.6043260318850924,27.67974128570304,3.8283456155499183,0.0,nan
0.08102404908579174,0.06596948967179914,0.000610668393321656,0.0891467855677388,0.012518246790873933,0.016685291468677383,1.7800205415215251,35.96884629966169,12.391383452710116,7.0,37.0
0.07071251240877002,0.05124482848595881,0.00031308787051820145,0.18908770774017664,0.0005923021653605722,0.010461893313528947,0.7986136212489041,34.96841188561548,10.391235442286735,0.0,nan
0.07303911014685709,0.03898025306319214,0.0009232045842238772,0.09588126605658265,0.029061575499301835,0.013705817380893196,1.1528079101182682,22.74154820466297,16.19751822323262,14.0,37.0
0.07491946478905266,0.04025649367129929,0.0007002353089976978,0.15418759633306142,0.03984308826937928,0.013065243715837888,1.426354275705465,36.57049789325394,9.386916887517593,24.0,36.0
0.09206728079097141,0.06861834815478304,0.0008355183830880237,0.0338602679811873,0.021621206749611908,0.013805678522927418,1.85814358697791,30.49545226483949,0.27496365801625783,24.0,16.0
0.0896529808749639,0.05468535338349392,0.0005441802183449179,0.010940199998462855,0.032971997335655576,0.01347828058513182,1.998452308535423,12.582244230200512,18.46884955031504,36.0,24.0
0.07160254763203769,0.05041792798032498,0.0007697371815084371,0.048661870853441,0.0112134029310157,0.0192221543640576,0.668241883316937,33.76190601220458,5.939977664791324,0.0,nan
0.0771670766798883,0.0582088248842019,0.0002928162079894316,0.15810924019898995,0.02085455347072232,0.018818522997382493,1.0040166286151235,30.109633931196555,6.639876579949911,0.0,nan
0.08914617505056263,0.04502601730934658,0.00032158331502542633,0.045205465856837365,0.013367981476098361,0.01263583430850546,0.7661355884235428,24.872965917104146,7.146509194663445,0.0,nan
0.08540379583073887,0.04283303856732993,0.0004110853610666917,0.17848394310998889,0.02206926656426989,0.010858883823623537,0.92862947868008,39.119600470573516,19.653551975135642,0.0,nan
0.09777198538239591,0.04616741651485639,0.0006347271116419344,0.14263713274122297,0.013731432774669325,0.011247797004142301,0.8534537865080114,15.294604907859211,1.3910466112003574,0.0,nan
0.08121759021007527,0.06356812067847735,0.0008601626648467208,0.20441720468438962,0.008581067544267983,0.018146119751644138,1.1195992444889338,30.263078070335343,1.9872421586398117,0.0,nan
0.09235714062652009,0.06086324246751832,0.000684298179147558,0.11432847759914577,0.03805087953666137,0.011860012424290555,1.573353123606488,39.415755453362046,16.607871005374214,17.0,43.0
0.09740464238349195,0.05553071216559549,0.0007983728044247462,0.1362298259218956,0.0363642793003242,0.01757500805798074,1.1786256268345452,21.12789663276064,8.917840940744039,3.0,29.0
0.09782933955232477,0.061859562971705806,0.0005571168875536846,0.2735101319280365,0.012747533938162386,0.01406000670597744,0.907992801024299,18.077976450004257,15.82619574912699,0.0,nan
0.07282469324274526,0.06639520355374273,0.0006425182631513674,0.18287067090526446,0.034724347410289895,0.010820295612524306,1.6200589447600884,12.195106687790544,19.041980573554333,25.0,27.0
0.0853268854691445,0.06750050774350541,0.0006444791734890656,0.2715219126673818,0.0031067488483242796,0.014597046955068192,1.522399900807863,36.8752553571132,4.792293087375567,0.0,nan
0.09159245239482841,0.06373025037492246,0.0003059288130123669,0.1506425526821369,0.010232792896333448,0.010932320180150716,1.8893877040268348,13.77248248882702,11.04393355770914,8.0,20.0
0.08490835346984645,0.037445031305268967,0.0005639362720253108,0.10742149302040403,0.015480430171500985,0.015141049655904591,1.839584226436896,12.409803794027237,15.994572836773223,14.0,23.0
0.08767159512429938,0.04078928214253817,0.000456892050769201,0.08869258005602193,0.037727231884658825,0.014531078927677094,1.1381601938542523,34.02336727876619,4.2680986248487365,7.0,37.0
0.09392068824900926,0.0497404624736298,0.0003412139500404013,0.24665513606084088,0.01495377782594148,0.01754790667518453,1.6636970789543253,18.22929568366986,9.6042923417664,0.0,nan
0.09798791790716854,0.03687586884192022,0.0007233621535215358,0.16353763383045733,0.022383630252334124,0.013957974726576063,0.824948089288871,32.96847842895005,5.178789197337269,0.0,nan
0.08488362018403181,0.039182406995589884,0.0006327090300684113,0.16827075276042994,0.02297848971522022,0.017240034835528602,1.8157225705710376,19.690375959905,10.988222397328038,12.0,23.0
0.09312500261115784,0.03941845085320385,0.00046814653253820485,0.07943812090894257,0.0010800243254378233,0.018763235276120276,0.8998989622003377,25.818365070734945,18.125512029882874,0.0,nan
0.09614417025691845,0.04295996522265502,0.0008756986373229736,0.001657261332986763,0.03662336134698152,0.015232394602508793,0.5346543150008022,20.663988906640583,17.14797810206161,0.0,nan
0.08655443986521819,0.05212199595912825,0.000585149289033147,0.2612605915865373,0.012056586532150184,0.01485449855067153,0.6497829390258518,29.875989088545104,3.9653957423692394,0.0,nan
0.08452328897065255,0.05197449725738001,0.0006158534946014212,0.14752841438798406,0.004870891628058962,0.012148653911035184,0.7081975429558993,38.80505044740055,6.571320854102883,0.0,nan
0.08077125317114785,0.04530104011828374,0.0007390713337609852,0.2838113978503281,0.0039956877288245315,0.012519356296663776,0.9441861230302605,26.534370746777192,0.3914272684642076,0.0,nan
0.07813233554052078,0.05768182582068629,0.0003086636525304052,0.1622840787121295,0.00795445429901529,0.01648502788035214,0.8895590448938504,31.44659205565641,13.307701797856135,0.0,nan
0.08717376734964213,0.06989833756758985,0.0005927162153900511,0.11023095558978861,0.006106310940345856,0.018881866539382695,0.7719983519147803,29.709547798099436,13.02915471044949,0.0,nan
0.07155195954187078,0.041910742200518866,0.000962836635974081,0.21078608292275663,0.019282177583122662,0.010733559833220512,1.8079837666043619,32.839290069836764,19.58607407591562,5.0,45.0
0.07274327746160614,0.036599571103428104,0.00027505273120311295,0.19257274289721282,0.00202105341783636,0.012770531480739094,1.8427673593448581,15.565489890892934,0.5218728211030643,4.0,13.0
0.09247396019358456,0.0693969761846945,0.0003771826411251292,0.05493250106349772,0.034440249358984765,0.01966790178245343,1.5431116099229214,14.148799520068735,19.501329753737018,27.0,28.0
0.08959741593121072,0.04133982383793981,0.0006637723483828175,0.14130667995852075,0.03250333788856242,0.015409410527387101,1.1803898859145492,29.59192397968445,13.772626904805529,0.0,nan
0.09869237143327489,0.0580729381101656,0.000709942002572248,0.2844762310415743,0.010926410836379373,0.017157226728670576,0.6964709109075997,25.382042691589433,1.9151360854316546,0.0,nan
0.07113008295826623,0.05000475407531899,0.0008250071586518509,0.1160032697746483,0.017558994478308432,0.010198418173140458,1.3632953441461244,11.870576899501895,13.107558783673047,14.0,23.0
0.08686747214121694,0.06169822367048001,0.00022240401486707122,0.03198277744508233,0.028090475485972922,0.016518557162503937,1.8700787545795723,20.912391768649634,18.4335331016444,30.0,29.0
0.09065168164562079,0.035357379058862486,0.000278321685914085,0.029025098663004387,6.447872251525527e-05,0.013363812387233174,1.0084528682639324,39.95575260805735,2.9732515746108894,0.0,nan
0.09074888427949873,0.04920708075617092,0.0004802458964754477,0.1661873284109173,0.036777353141845354,0.014237541539936376,1.4753094184898288,13.553003000526937,14.296568819700648,16.0,24.0
0.07635533371982686,0.05064355940916336,0.0009253512947400307,0.21133217229435716,0.00969116513003355,0.011803096090464564,1.318997210380715,13.47371651367447,7.275119536422736,0.0,nan
0.09521373643487528,0.04325227173678503,0.0005365319027294363,0.023847840221492975,0.016263085329271627,0.014165690268180129,1.7751377509947195,37.420420427472735,8.421705113928182,22.0,29.0
0.08747637508592204,0.047661151844163724,0.0008378043980268887,0.2542151230032753,0.02129379722649528,0.011923921284016967,0.5250708018440285,28.748063354401193,1.8066999223464777,0.0,nan
0.07479482626591241,0.057149120008396344,0.00042854019626717074,0.2395812003348928,0.019884066857349607,0.016339197808252548,1.5025828842275333,27.575029410347806,14.104453802012024,0.0,nan
0.09331844025913467,0.0639063550505637,0.0008186734662704,0.12871023315291935,0.019497899854740763,0.016818864835131717,0.6923772064775269,27.866187718537528,9.674505389372012,0.0,nan
0.0900328870637832,0.063261016989436,0.0006920834737570147,0.16908800877334804,0.029381087441430132,0.012113754772210479,1.3944919063068446,18.716506796866916,10.331940296513192,8.0,26.0
0.08240973708730293,0.05343051173235798,0.000841803621683351,0.17745362702252762,0.02062387732092967,0.018713983803488963,0.5400226167182653,33.549470593161615,10.657720723840555,0.0,nan
0.08921910602571458,0.05447980834214187,0.0004180857713318863,0.13954137220365373,0.010521138984440594,0.012545873727457371,1.1336540962094792,11.268600395341235,14.251042103631647,0.0,nan
0.08145961772206821,0.03781683565080836,0.00036775599617845406,0.2065171016628058,0.03511363884966354,0.016160048400275726,0.7896075036046535,27.29352686166709,18.943514031510187,0.0,nan
0.09460159764599702,0.0522845250775901,0.0008445874921708656,0.1944548049220648,0.024404070980576398,0.01688424691816695,1.1962731770502606,22.08879951330408,10.44728513027406,0.0,nan
0.06962078615394414,0.06311979779614438,0.000547442469066833,0.23592591975368382,0.009884594332955552,0.012091757093929248,1.9240565330663288,22.377377924725597,11.540291427599804,0.0,nan
0.07149113182805254,0.06442450502879732,0.0008984513899613882,0.15613561521902544,0.011565642226064363,0.010781675749077202,1.8223746741526954,28.160033848899612,7.261032489417328,7.0,28.0
0.078339735918395,0.058423948680736006,0.0007286563847365083,0.2981714425432084,0.007435311977445589,0.019709963846094573,0.7756595910634163,29.9670019977694,14.522598015518334,0.0,nan
0.07199434080475671,0.03842473347684777,0.00044943746037339545,0.21945428451496296,0.026364365064843156,0.010333908370356666,1.745855443878369,28.36736327962994,6.388769190047339,12.0,26.0
