frailty_variance,age,DN_r,DN_annual_decline,DN_v,DH_pop_r,DH_pop_annual_decline,DH_pop_v
0.0,50,0.087,0.0833,1.0,0.087,0.0833,1.0
0.0,60,0.087,0.0833,1.0,0.087,0.0833,1.0
0.0,70,0.087,0.0833,1.0,0.087,0.0833,1.0
0.0,80,0.087,0.0833,1.0,0.087,0.0833,1.0
0.0,90,0.087,0.0833,1.0,0.087,0.0833,1.0
0.0,100,0.087,0.0833,1.0,0.087,0.0833,1.0
0.1,50,0.0869,0.0833,0.999,0.0866,0.083,0.996
0.1,60,0.0869,0.0833,0.999,0.0861,0.0825,0.99
0.1,70,0.0869,0.0833,0.999,0.085,0.0814,0.976
0.1,80,0.0869,0.0833,0.999,0.0823,0.079,0.946
0.1,90,0.0869,0.0833,0.999,0.0765,0.0736,0.879
0.1,100,0.0869,0.0833,0.999,0.0655,0.0634,0.753
0.2,50,0.0869,0.0832,0.999,0.0863,0.0827,0.992
0.2,60,0.0869,0.0832,0.999,0.0853,0.0817,0.98
0.2,70,0.0869,0.0832,0.999,0.083,0.0796,0.954
0.2,80,0.0869,0.0832,0.999,0.078,0.0751,0.897
0.2,90,0.0869,0.0832,0.999,0.0682,0.066,0.784
0.2,100,0.0869,0.0832,0.999,0.0525,0.0512,0.604
0.4,50,0.0868,0.0831,0.997,0.0855,0.082,0.983
0.4,60,0.0868,0.0831,0.997,0.0836,0.0802,0.961
0.4,70,0.0868,0.0831,0.997,0.0793,0.0763,0.912
0.4,80,0.0868,0.0831,0.997,0.0707,0.0683,0.813
0.4,90,0.0868,0.0831,0.997,0.0561,0.0546,0.645
0.4,100,0.0868,0.0831,0.997,0.0376,0.0369,0.432
