MRDT_years,beta,extrinsic_floor_c,age,cohort_D1_r,cohort_D1_annual_decline,cohort_D1_v,period_DN_annual_decline,period_D1_annual_decline
7.0,0.099,0.0002,30,0.0508,0.0495,0.513,0.0943,0.0969
7.0,0.099,0.0002,40,0.0516,0.0503,0.522,0.0943,0.0988
7.0,0.099,0.0002,50,0.0535,0.0521,0.541,0.0943,0.1029
7.0,0.099,0.0002,65,0.0607,0.0589,0.613,0.0943,0.1194
7.0,0.099,0.0002,80,0.0808,0.0776,0.816,0.0943,0.1689
7.0,0.099,0.0002,90,0.1095,0.1037,1.106,0.0943,0.2494
7.0,0.099,0.0004,30,0.0512,0.05,0.517,0.0943,0.0978
7.0,0.099,0.0004,40,0.052,0.0507,0.525,0.0943,0.0996
7.0,0.099,0.0004,50,0.0538,0.0524,0.544,0.0943,0.1036
7.0,0.099,0.0004,65,0.0609,0.0591,0.615,0.0943,0.1199
7.0,0.099,0.0004,80,0.0809,0.0777,0.817,0.0943,0.1692
7.0,0.099,0.0004,90,0.1098,0.104,1.109,0.0943,0.2497
7.0,0.099,0.001,30,0.0527,0.0513,0.532,0.0943,0.1008
7.0,0.099,0.001,40,0.0532,0.0518,0.537,0.0943,0.102
7.0,0.099,0.001,50,0.0548,0.0533,0.553,0.0943,0.1056
7.0,0.099,0.001,65,0.0616,0.0597,0.622,0.0943,0.1214
7.0,0.099,0.001,80,0.0814,0.0782,0.822,0.0943,0.1703
7.0,0.099,0.001,90,0.1103,0.1044,1.114,0.0943,0.2506
8.0,0.0866,0.0002,30,0.045,0.044,0.519,0.083,0.0865
8.0,0.0866,0.0002,40,0.0461,0.0451,0.532,0.083,0.0891
8.0,0.0866,0.0002,50,0.0483,0.0472,0.558,0.083,0.0941
8.0,0.0866,0.0002,65,0.0556,0.0541,0.641,0.083,0.1112
8.0,0.0866,0.0002,80,0.0733,0.0707,0.846,0.083,0.1564
8.0,0.0866,0.0002,90,0.0961,0.0916,1.109,0.083,0.2231
8.0,0.0866,0.0004,30,0.0454,0.0444,0.524,0.083,0.0874
8.0,0.0866,0.0004,40,0.0465,0.0454,0.536,0.083,0.0898
8.0,0.0866,0.0004,50,0.0486,0.0474,0.561,0.083,0.0947
8.0,0.0866,0.0004,65,0.0558,0.0543,0.644,0.083,0.1117
8.0,0.0866,0.0004,80,0.0734,0.0708,0.848,0.083,0.1567
8.0,0.0866,0.0004,90,0.0964,0.0919,1.112,0.083,0.2234
8.0,0.0866,0.001,30,0.0466,0.0456,0.538,0.083,0.09
8.0,0.0866,0.001,40,0.0475,0.0464,0.548,0.083,0.092
8.0,0.0866,0.001,50,0.0494,0.0482,0.571,0.083,0.0965
8.0,0.0866,0.001,65,0.0564,0.0548,0.651,0.083,0.1131
8.0,0.0866,0.001,80,0.0739,0.0712,0.853,0.083,0.1578
8.0,0.0866,0.001,90,0.0969,0.0923,1.118,0.083,0.2243
9.0,0.077,0.0002,30,0.0407,0.0398,0.528,0.0741,0.0788
9.0,0.077,0.0002,40,0.042,0.0411,0.546,0.0741,0.0819
9.0,0.077,0.0002,50,0.0444,0.0434,0.577,0.0741,0.0875
9.0,0.077,0.0002,65,0.0516,0.0503,0.67,0.0741,0.1049
9.0,0.077,0.0002,80,0.0674,0.0652,0.875,0.0741,0.1464
9.0,0.077,0.0002,90,0.0859,0.0823,1.115,0.0741,0.2031
9.0,0.077,0.0004,30,0.041,0.0402,0.533,0.0741,0.0795
9.0,0.077,0.0004,40,0.0423,0.0414,0.549,0.0741,0.0825
9.0,0.077,0.0004,50,0.0447,0.0437,0.58,0.0741,0.088
9.0,0.077,0.0004,65,0.0518,0.0505,0.672,0.0741,0.1054
9.0,0.077,0.0004,80,0.0675,0.0653,0.877,0.0741,0.1468
9.0,0.077,0.0004,90,0.0862,0.0826,1.119,0.0741,0.2034
9.0,0.077,0.001,30,0.0421,0.0412,0.547,0.0741,0.0819
9.0,0.077,0.001,40,0.0432,0.0423,0.561,0.0741,0.0845
9.0,0.077,0.001,50,0.0454,0.0444,0.59,0.0741,0.0897
9.0,0.077,0.001,65,0.0524,0.051,0.68,0.0741,0.1067
9.0,0.077,0.001,80,0.068,0.0657,0.883,0.0741,0.1478
9.0,0.077,0.001,90,0.0867,0.0831,1.126,0.0741,0.2044
10.0,0.0693,0.0002,30,0.0373,0.0366,0.538,0.067,0.0729
10.0,0.0693,0.0002,40,0.0389,0.0381,0.561,0.067,0.0764
10.0,0.0693,0.0002,50,0.0414,0.0405,0.597,0.067,0.0825
10.0,0.0693,0.0002,65,0.0484,0.0472,0.698,0.067,0.0999
10.0,0.0693,0.0002,80,0.0626,0.0607,0.903,0.067,0.1382
10.0,0.0693,0.0002,90,0.0779,0.0749,1.123,0.067,0.1874
10.0,0.0693,0.0004,30,0.0376,0.0369,0.543,0.067,0.0736
10.0,0.0693,0.0004,40,0.0391,0.0384,0.564,0.067,0.077
10.0,0.0693,0.0004,50,0.0416,0.0408,0.6,0.067,0.083
10.0,0.0693,0.0004,65,0.0486,0.0474,0.701,0.067,0.1004
10.0,0.0693,0.0004,80,0.0627,0.0608,0.905,0.067,0.1386
10.0,0.0693,0.0004,90,0.0782,0.0752,1.128,0.067,0.1877
10.0,0.0693,0.001,30,0.0386,0.0379,0.557,0.067,0.0757
10.0,0.0693,0.001,40,0.04,0.0392,0.576,0.067,0.0789
10.0,0.0693,0.001,50,0.0423,0.0414,0.61,0.067,0.0846
10.0,0.0693,0.001,65,0.0491,0.0479,0.709,0.067,0.1016
10.0,0.0693,0.001,80,0.0632,0.0612,0.912,0.067,0.1397
10.0,0.0693,0.001,90,0.0788,0.0758,1.136,0.067,0.1887
