pre_onset_scenario,current_age,onset_in_years,p_survive_to_onset,hazard_at_onset,expected_remaining_life_at_onset_if_hazard_frozen,..._if_decline_continues_at_1.5beta,..._if_decline_continues_at_2beta
frozen 2026 mortality,30,10,0.9858,0.00194,515.4,2413.8,2456.3
frozen 2026 mortality,30,20,0.9581,0.00408,245.3,2299.2,2397.0
frozen 2026 mortality,30,30,0.8999,0.00918,109.0,2047.2,2261.2
frozen 2026 mortality,30,40,0.7793,0.02135,46.8,1552.2,1967.3
frozen 2026 mortality,30,50,0.5558,0.0504,19.8,803.5,1411.5
frozen 2026 mortality,40,10,0.9718,0.00408,245.3,2299.2,2397.0
frozen 2026 mortality,40,20,0.9129,0.00918,109.0,2047.2,2261.2
frozen 2026 mortality,40,30,0.7905,0.02135,46.8,1552.2,1967.3
frozen 2026 mortality,40,40,0.5638,0.0504,19.8,803.5,1411.5
frozen 2026 mortality,40,50,0.2531,0.11975,8.4,170.8,640.0
frozen 2026 mortality,50,10,0.9393,0.00918,109.0,2047.2,2261.2
frozen 2026 mortality,50,20,0.8134,0.02135,46.8,1552.2,1967.3
frozen 2026 mortality,50,30,0.5802,0.0504,19.8,803.5,1411.5
frozen 2026 mortality,50,40,0.2604,0.11975,8.4,170.8,640.0
frozen 2026 mortality,50,50,0.0387,0.28527,3.5,7.9,99.0
frozen 2026 mortality,60,10,0.866,0.02135,46.8,1552.2,1967.3
frozen 2026 mortality,60,20,0.6176,0.0504,19.8,803.5,1411.5
frozen 2026 mortality,60,30,0.2772,0.11975,8.4,170.8,640.0
frozen 2026 mortality,60,40,0.0412,0.28527,3.5,7.9,99.0
frozen 2026 mortality,60,50,0.0004,0.68035,1.5,1.6,2.7
frozen 2026 mortality,70,10,0.7132,0.0504,19.8,803.5,1411.5
frozen 2026 mortality,70,20,0.3201,0.11975,8.4,170.8,640.0
frozen 2026 mortality,70,30,0.0476,0.28527,3.5,7.9,99.0
frozen 2026 mortality,70,40,0.0005,0.68035,1.5,1.6,2.7
frozen 2026 mortality,70,50,0.0,1.62339,0.6,0.6,0.7
frozen 2026 mortality,80,10,0.4488,0.11975,8.4,170.8,640.0
frozen 2026 mortality,80,20,0.0667,0.28527,3.5,7.9,99.0
frozen 2026 mortality,80,30,0.0007,0.68035,1.5,1.6,2.7
frozen 2026 mortality,80,40,0.0,1.62339,0.6,0.6,0.7
frozen 2026 mortality,80,50,0.0,3.87432,0.3,0.3,0.3
historical improvement 0.015/yr,30,10,0.9866,0.00172,579.9,2425.7,2462.4
historical improvement 0.015/yr,30,20,0.9638,0.00312,320.7,2349.9,2423.4
historical improvement 0.015/yr,30,30,0.9225,0.00598,167.2,2201.7,2345.4
historical improvement 0.015/yr,30,40,0.8468,0.01185,84.4,1926.3,2193.1
historical improvement 0.015/yr,30,50,0.7133,0.0239,41.8,1464.8,1910.7
historical improvement 0.015/yr,40,10,0.9738,0.00356,280.8,2326.3,2411.2
historical improvement 0.015/yr,40,20,0.9261,0.00689,145.2,2156.6,2321.1
historical improvement 0.015/yr,40,30,0.8388,0.01372,72.9,1846.3,2146.7
historical improvement 0.015/yr,40,40,0.6875,0.02773,36.1,1342.8,1828.9
historical improvement 0.015/yr,40,50,0.459,0.05649,17.7,700.2,1316.6
historical improvement 0.015/yr,50,10,0.9438,0.00795,125.8,2105.3,2293.2
historical improvement 0.015/yr,50,20,0.8418,0.01589,62.9,1757.4,2094.1
historical improvement 0.015/yr,50,30,0.6683,0.03219,31.1,1213.7,1738.1
historical improvement 0.015/yr,50,40,0.418,0.06564,15.2,569.8,1186.1
historical improvement 0.015/yr,50,50,0.1602,0.13429,7.4,124.4,542.4
historical improvement 0.015/yr,60,10,0.8759,0.01841,54.3,1659.3,2034.5
historical improvement 0.015/yr,60,20,0.6703,0.03737,26.8,1079.2,1638.1
historical improvement 0.015/yr,60,30,0.3886,0.07627,13.1,448.7,1050.5
historical improvement 0.015/yr,60,40,0.1275,0.15611,6.4,77.9,423.3
historical improvement 0.015/yr,60,50,0.013,0.31998,3.1,5.3,67.5
historical improvement 0.015/yr,70,10,0.733,0.04339,23.0,941.5,1529.1
historical improvement 0.015/yr,70,20,0.3891,0.08864,11.3,340.2,912.3
historical improvement 0.015/yr,70,30,0.1065,0.1815,5.5,46.0,317.5
historical improvement 0.015/yr,70,40,0.0075,0.37208,2.7,3.6,38.4
historical improvement 0.015/yr,70,50,0.0,0.76322,1.3,1.4,1.9
historical improvement 0.015/yr,80,10,0.4791,0.10302,9.7,247.0,774.3
historical improvement 0.015/yr,80,20,0.1063,0.21101,4.7,25.8,227.4
historical improvement 0.015/yr,80,30,0.0049,0.43266,2.3,2.7,20.3
historical improvement 0.015/yr,80,40,0.0,0.88756,1.1,1.2,1.4
historical improvement 0.015/yr,80,50,0.0,1.82118,0.6,0.6,0.6
