current_age,onset_in_years,p_survive_to_onset_historical_improvement,e_at_onset_if_hazard_frozen,e_at_onset_if_decline_continues_at_1.5beta_no_resistant_share,e_at_onset_if_decline_continues_at_1.5beta_resistant_share_0.02_improving_0.01,e_at_onset_if_decline_continues_at_1.5beta_resistant_share_0.05_improving_0.01,e_at_onset_if_decline_continues_at_1.5beta_resistant_share_0.1_improving_0.01
40,20,0.9261,145.2,2157.0,66.0,56.2,49.0
40,30,0.8388,72.9,1846.0,52.1,43.8,37.6
40,40,0.6875,36.1,1343.0,37.2,31.0,26.4
50,20,0.8418,62.9,1757.0,49.6,41.6,35.8
50,30,0.6683,31.1,1214.0,34.4,28.8,24.6
50,40,0.418,15.2,570.0,20.2,17.2,14.9
60,20,0.6703,26.8,1079.0,31.7,26.6,22.8
60,30,0.3886,13.1,449.0,17.8,15.3,13.4
60,40,0.1275,6.4,78.0,8.3,7.6,6.9
70,20,0.3891,11.3,340.0,15.5,13.5,11.9
70,30,0.1065,5.5,46.0,7.0,6.5,6.0
70,40,0.0075,2.7,4.0,3.0,2.9,2.8
